#barcodeName,T72_D_R8937_MGI_09_01
#misMatch1,0
#misMatch2,0
989,S95221-S97221,TCTGAGAGCAGCGATT
990,S95222-S97222,TTAGGTCGAGGTCACT
1095,S95327-S97327,GAGTGGTTCGTTATGC
1096,S95328-S97328,AGCTTGAGGTCTGATC
1033,S95265-S97265,GCATACAGAAGGCTGA
1034,S95266-S97266,CATCTACGCGATGCTT
1035,S95267-S97267,TTGTCGGTGTATTGGC
1036,S95268-S97268,TAGCCGAAACTGTGTC
865,S95097-S97097,CGACCATTGCCTATCA
866,S95098-S97098,GATAGCGACTTGGATG
867,S95099-S97099,AATGGACGAGTCTCAC
868,S95100-S97100,CGCTAGTACTCATCAG
869,S95101-S97101,TCTCTAGGTGTACCGT
870,S95102-S97102,ACATTGCGAAGTCGAG
871,S95103-S97103,TGAGGTGTCACGTTGT
872,S95104-S97104,AATGCCTCTCACAGCA
385,S5501-S5701,CGAATACGTTACCGAC
386,S5502-S5702,GTCCTTGATCGTCTGA
387,S5503-S5703,CAGTGCTTTTCCAGGT
388,S5504-S5704,TCCATTGCTACGGTCT
389,S5505-S5705,GTCGATTGAAGACCGT
390,S5506-S5706,ATAACGCCCAGGTTCA
391,S5507-S5707,GCCTTAACTAGGAGCT
392,S5508-S5708,GGTATAGGTACTCCAG
393,S5509-S5709,TCTAGGAGAGTGACCT
394,S5510-S5710,TGCGTAACAGCCTATC
395,S5511-S5711,CTTGCTAGTCATCTCC
396,S5512-S5712,AGCGAGATCCAGTATC
397,S5513-S5713,TATGGCACTTGCGAGA
398,S5514-S5714,GAATCACCGAACGAAG
399,S5515-S5715,GTAAGGTGCGAATTGC
400,S5516-S5716,CGAGAGAAGGAAGAGA
401,S5517-S5717,CGCAACTATCGGATTC
402,S5518-S5718,CACAGACTCTGTACCA
403,S5519-S5719,TGGAAGCAGAGAGTAC
404,S5520-S5720,CAATAGCCTCTACGCA
405,S5521-S5721,CTCGAACAGCAATTCC
406,S5522-S5722,GGCAAGTTCTCAGAAG
407,S5523-S5723,AGCTACCAGTCCTAAG
408,S5524-S5724,CAGCATACGCGTTAGA
409,S5525-S5725,CGTATCTCCAAGGTAC
410,S5526-S5726,TTACGTGCAGACCTTG
411,S5527-S5727,AGCTAAGCGTCGTTAC
412,S5528-S5728,AAGACACCGTAACCGA
413,S5529-S5729,CAACTCCAGAATCCGT
414,S5530-S5730,GATCTTGCCATGAGCA
415,S5531-S5731,CTTCACTGCTTAGGAC
416,S5532-S5732,CTCGACTTATCTGACC
417,S5533-S5733,GTACACCTTCCTCATG
418,S5534-S5734,CCAAGGTTAGGATAGC
419,S5535-S5735,GAACGGTTGGAGGAAT
420,S5536-S5736,CCAGTTGAGACGTCAT
421,S5537-S5737,GTCATCGTCCGCTTAA
422,S5538-S5738,CAATGCGAGACGAACT
423,S5539-S5739,GGTTGAACTCCACGTT
424,S5540-S5740,CTTCGGTTAACCAGAG
425,S5541-S5741,CGGCATTAGTCAGTCA
426,S5542-S5742,CACGCAATCCTTCCAT
427,S5543-S5743,GGAATGTCAGGAACAC
428,S5544-S5744,TGGTGAAGCTTACAGC
429,S5545-S5745,GGACATCATACCTGCA
430,S5546-S5746,GGTGTACAAGACGCTA
431,S5547-S5747,GATAGCCACAACACAG
432,S5548-S5748,CCACAACAGTACCACA
433,S5549-S5749,TTACCGACCGAATACG
434,S5550-S5750,TCGTCTGAGTCCTTGA
435,S5551-S5751,TTCCAGGTCAGTGCTT
436,S5552-S5752,TACGGTCTTCCATTGC
437,S5553-S5753,AAGACCGTGTCGATTG
438,S5554-S5754,CAGGTTCAATAACGCC
439,S5555-S5755,TAGGAGCTGCCTTAAC
440,S5556-S5756,TACTCCAGGGTATAGG
441,S5557-S5757,AGTGACCTTCTAGGAG
442,S5558-S5758,AGCCTATCTGCGTAAC
443,S5559-S5759,TCATCTCCCTTGCTAG
444,S5560-S5760,CCAGTATCAGCGAGAT
445,S5561-S5761,TTGCGAGATATGGCAC
446,S5562-S5762,GAACGAAGGAATCACC
447,S5563-S5763,CGAATTGCGTAAGGTG
448,S5564-S5764,GGAAGAGACGAGAGAA
449,S5565-S5765,TCGGATTCCGCAACTA
450,S5566-S5766,CTGTACCACACAGACT
451,S5567-S5767,GAGAGTACTGGAAGCA
452,S5568-S5768,TCTACGCACAATAGCC
453,S5569-S5769,GCAATTCCCTCGAACA
454,S5570-S5770,CTCAGAAGGGCAAGTT
455,S5571-S5771,GTCCTAAGAGCTACCA
456,S5572-S5772,GCGTTAGACAGCATAC
457,S5573-S5773,CAAGGTACCGTATCTC
458,S5574-S5774,AGACCTTGTTACGTGC
459,S5575-S5775,GTCGTTACAGCTAAGC
460,S5576-S5776,GTAACCGAAAGACACC
461,S5577-S5777,GAATCCGTCAACTCCA
462,S5578-S5778,CATGAGCAGATCTTGC
463,S5579-S5779,CTTAGGACCTTCACTG
464,S5580-S5780,ATCTGACCCTCGACTT
467,S5583-S5783,GGAGGAATGAACGGTT
468,S5584-S5784,GACGTCATCCAGTTGA
469,S5585-S5785,CCGCTTAAGTCATCGT
470,S5586-S5786,GACGAACTCAATGCGA
471,S5587-S5787,TCCACGTTGGTTGAAC
472,S5588-S5788,AACCAGAGCTTCGGTT
473,S5589-S5789,GTCAGTCACGGCATTA
474,S5590-S5790,CCTTCCATCACGCAAT
475,S5591-S5791,AGGAACACGGAATGTC
476,S5592-S5792,CTTACAGCTGGTGAAG
477,S5593-S5793,TACCTGCAGGACATCA
478,S5594-S5794,AGACGCTAGGTGTACA
479,S5595-S5795,CAACACAGGATAGCCA
480,S5596-S5796,GTACCACACCACAACA
873,S95105-S97105,CTGGAGTACTACTTGG
881,S95113-S97113,CAGTTCTGTGACTGAC
1057,S95289-S97289,CTGAGATCCATTGCCT
1058,S95290-S97290,GTGGATAGCTAGGTGA
1059,S95291-S97291,ACCATCCATCCGTATG
1060,S95292-S97292,AGAGGTTGACGATGAC
1061,S95293-S97293,ATGCCAACGTCGGTAA
1062,S95294-S97294,GTTAAGGCTCGAAGGT
1063,S95295-S97295,ACCTGACTAGAAGCGT
1064,S95296-S97296,GCCACTTACTCTACTC
1065,S95297-S97297,ACCTCTGTCTAGGCAT
1066,S95298-S97298,GATCCATGTGGAGTTG
1067,S95299-S97299,CGCTTAACGAGGACTT
1068,S95300-S97300,TGTCTGCTCAATCGAC
1069,S95301-S97301,ATAAGGCGTCTAACGC
1070,S95302-S97302,CGTCTTGTTCTCGCAA
1071,S95303-S97303,CTCCATGTATCGGTGT
1072,S95304-S97304,TGTTCGAGGAGATACG
1073,S95305-S97305,AGCAAGCAGTCTCCTT
1074,S95306-S97306,CGTATTCGAGTCGACA
1075,S95307-S97307,AACGACGTCGGATTGA
1076,S95308-S97308,GTTGCGATCACAAGTC
1077,S95309-S97309,AACGTGGATACATCGG
1078,S95310-S97310,CTGTGTTGAGCTCCTA
1079,S95311-S97311,TGATACGCACTCGTTG
1080,S95312-S97312,GTCCTTCTCTGACACA
1081,S95313-S97313,ACAGACCTCAACCTAG
1082,S95314-S97314,TGTTGTGGAAGGACAC
1083,S95315-S97315,CATCGTGATGCAGGTA
1084,S95316-S97316,CAGGAGATACCTAAGG
1085,S95317-S97317,TAGGTAGGAGTCTGTG
1086,S95318-S97318,AGTCGCTTAGGTTCGA
1087,S95319-S97319,CGTTGAGTGACTATGC
1088,S95320-S97320,TTCCTGTGTTCAGGAG
1097,S95329-S97329,ACGACAGATAGTTGCG
1098,S95330-S97330,TTCGCAGTTGATCGGA
1099,S95331-S97331,CCGATGTACCAAGTTG
1100,S95332-S97332,TGACGCATCCTACTGA
1101,S95333-S97333,TCGCATTGCTTGCTGT
1102,S95334-S97334,CGTGATCATGCCATTC
1103,S95335-S97335,GTGAGCTTTTGATCCG
1104,S95336-S97336,AGCGGAATAGTGCAGT
1105,S95337-S97337,CGAAGAACGACTTAGG
1106,S95338-S97338,CCGTATCTCGTACGAA
1107,S95339-S97339,GTACTCTCTACCAGGA
1108,S95340-S97340,AGTGTTGGCGTCAATG
1109,S95341-S97341,TGAACCTGGAAGAGGT
1110,S95342-S97342,TCAAGGACGACGAATG
1111,S95343-S97343,GTGCTTACAGGAGGAA
1112,S95344-S97344,GTGGTGTTCTTACAGC
1113,S95345-S97345,GCTGACTAGAGATGTC
1114,S95346-S97346,TGCGAACTTACGGTTG
1115,S95347-S97347,AATACGCGCTATCGCA
1116,S95348-S97348,ACACGGTTTCGAACCA
1117,S95349-S97349,CTGCACTTGAACGCTT
1118,S95350-S97350,TCAACTGGCAGAATCG
1119,S95351-S97351,AGTTGGCTATGGTTGC
1120,S95352-S97352,CAGGTTAGGCTGGATT
1121,S95353-S97353,ACACCAGTGATGCACT
1122,S95354-S97354,TGGATCACACCAATGC
1123,S95355-S97355,TGACTTCGGTCCTAAG
1124,S95356-S97356,GTGTCTGACCGACTAT
1125,S95357-S97357,AGTTACGGTTGGTCTC
1126,S95358-S97358,ATCTCGCTGCCTTGTT
1127,S95359-S97359,GAAGGTTCGATACTGG
1128,S95360-S97360,GAGCTTGTATTCGAGG
1145,S95377-S97377,TCACAGCAAATGCCTC
1146,S95378-S97378,CACGTTGTTGAGGTGT
1147,S95379-S97379,AAGTCGAGACATTGCG
1148,S95380-S97380,TGTACCGTTCTCTAGG
1149,S95381-S97381,CTCATCAGCGCTAGTA
1150,S95382-S97382,AGTCTCACAATGGACG
1151,S95383-S97383,CTTGGATGGATAGCGA
1152,S95384-S97384,GCCTATCACGACCATT
1129,S95361-S97361,TCCAATCGGTCAGTTG
1130,S95362-S97362,CGGTCATAGTAGAGCA
1131,S95363-S97363,TGGCTATCACGTGATG
1132,S95364-S97364,CAACGGATTAAGTGGC
1133,S95365-S97365,CTCCTAGATGTGAAGC
1134,S95366-S97366,CCGGAATTCATTCGGT
1137,S95369-S97369,TAGAGCTCAGGCTTCT
1138,S95370-S97370,TCCGTGAAGAATCGTG
1139,S95371-S97371,CTCGATACACCAGCTT
1140,S95372-S97372,CTTACCTGCTCATTGC
1141,S95373-S97373,ATGGCGAACGATAGAG
1142,S95374-S97374,TCCTACCTTGGAGAGT
1089,S95321-S97321,TCGTCTCATGTGCGTT
1090,S95322-S97322,TAACGAGGCGAGACTA
1091,S95323-S97323,CTGAAGCTCTCAGAGT
1092,S95324-S97324,ATTGCGTGGCCATAAC
889,S95121-S97121,ATTCGAGGGAGCTTGT
890,S95122-S97122,GATACTGGGAAGGTTC
891,S95123-S97123,GCCTTGTTATCTCGCT
892,S95124-S97124,TTGGTCTCAGTTACGG
893,S95125-S97125,CCGACTATGTGTCTGA
894,S95126-S97126,GTCCTAAGTGACTTCG
895,S95127-S97127,ACCAATGCTGGATCAC
896,S95128-S97128,GATGCACTACACCAGT
961,S95193-S97193,ACCTTCTCCTTCGTTC
962,S95194-S97194,TCGTGGATGTCTAGGT
963,S95195-S97195,GTTCATGGACGTCGTA
964,S95196-S97196,TAGGATGCGAGCTCAA
965,S95197-S97197,CATGGAACCGTGTACT
966,S95198-S97198,GCTTAGCTCACTGACA
967,S95199-S97199,CTAACTCGTCGTAGTC
968,S95200-S97200,ACCATGTGGCACGTAA
969,S95201-S97201,TCAGACGACAAGCAGT
970,S95202-S97202,TATCAGCGACATAGGC
971,S95203-S97203,AGCAGATGTGTGGTAC
972,S95204-S97204,AACGGTCACACCACTA
973,S95205-S97205,CGAACTGTCTGCGTAT
974,S95206-S97206,TCCGAGTTACGGTCTT
975,S95207-S97207,TTCTCTCGGATTGGAG
976,S95208-S97208,ATTCTGGCTGTCCAGA
977,S95209-S97209,ACTGCTAGCCAGTGTT
978,S95210-S97210,CATAACGGTGCACCAA
979,S95211-S97211,CAGTCTTCTTGACAGG
980,S95212-S97212,TGCCTCTTAGGCATAG
981,S95213-S97213,ACTGTGTCTAGCCGAA
982,S95214-S97214,GTATTGGCTTGTCGGT
983,S95215-S97215,CGATGCTTCATCTACG
984,S95216-S97216,AAGGCTGAGCATACAG
993,S95225-S97225,TCACGTTCAACTGGTG
994,S95226-S97226,AGGATGGTCGGAATAC
995,S95227-S97227,GTGTTCCTGCTTCGAA
996,S95228-S97228,GTAGCATCCAAGGTCT
997,S95229-S97229,AGGATCTGAACCTTGG
998,S95230-S97230,GACAAGAGCCATACGT
999,S95231-S97231,TTACGGCTTGGTCCTT
1000,S95232-S97232,GCTGTTGTACCGCATA
1001,S95233-S97233,AACCGAAGCCTTCCTT
1003,S95235-S97235,CTCAGCTATGCGTAGA
1004,S95236-S97236,CTTCACCAAAGAGCCA
1005,S95237-S97237,GATCGTACATGGAAGG
1006,S95238-S97238,CTACAGTGGCCAGTAT
1007,S95239-S97239,TCGAGTGACGTAGGTT
1008,S95240-S97240,CAAGTGCACGAGTATG
1009,S95241-S97241,CGAGTATGCAAGTGCA
1010,S95242-S97242,CGTAGGTTTCGAGTGA
1011,S95243-S97243,GCCAGTATCTACAGTG
1012,S95244-S97244,ATGGAAGGGATCGTAC
1013,S95245-S97245,AAGAGCCACTTCACCA
1014,S95246-S97246,TGCGTAGACTCAGCTA
1015,S95247-S97247,TACACGCTTCTGCTCT
1016,S95248-S97248,CCTTCCTTAACCGAAG
1017,S95249-S97249,ACCGCATAGCTGTTGT
1018,S95250-S97250,TGGTCCTTTTACGGCT
1019,S95251-S97251,CCATACGTGACAAGAG
1020,S95252-S97252,AACCTTGGAGGATCTG
1021,S95253-S97253,CAAGGTCTGTAGCATC
1022,S95254-S97254,GCTTCGAAGTGTTCCT
1023,S95255-S97255,CGGAATACAGGATGGT
1024,S95256-S97256,AACTGGTGTCACGTTC
1025,S95257-S97257,GCTTCTTGGCGTTCTA
1026,S95258-S97258,GCAATTCGCTCTGGTT
1027,S95259-S97259,AGGTCACTTTAGGTCG
1028,S95260-S97260,CAGCGATTTCTGAGAG
1029,S95261-S97261,AACCTCCTTTCAGCCT
1030,S95262-S97262,TCGACATCTCTCCGAT
1031,S95263-S97263,CTGGTTCTCAGGTATC
1032,S95264-S97264,ACAGCAACAGTCAGGA
1041,S95273-S97273,TGTCCAGAATTCTGGC
1042,S95274-S97274,GATTGGAGTTCTCTCG
1043,S95275-S97275,ACGGTCTTTCCGAGTT
1044,S95276-S97276,CTGCGTATCGAACTGT
1045,S95277-S97277,CACCACTAAACGGTCA
1046,S95278-S97278,TGTGGTACAGCAGATG
1047,S95279-S97279,ACATAGGCTATCAGCG
1048,S95280-S97280,CAAGCAGTTCAGACGA
1049,S95281-S97281,GCACGTAAACCATGTG
1050,S95282-S97282,TCGTAGTCCTAACTCG
1051,S95283-S97283,CACTGACAGCTTAGCT
1052,S95284-S97284,CGTGTACTCATGGAAC
1053,S95285-S97285,GAGCTCAATAGGATGC
1054,S95286-S97286,ACGTCGTAGTTCATGG
1055,S95287-S97287,GTCTAGGTTCGTGGAT
1056,S95288-S97288,CTTCGTTCACCTTCTC
548,S6568-S6768,TGTCACACTAATCTCG
549,S6569-S6769,GATATGAATACGGCAG
550,S6570-S6770,AAGTGTGGTGCCCATC
551,S6571-S6771,GTTGGCGTCAGCAGTC
552,S6572-S6772,TAGCTGGCTACCGGCT
553,S6573-S6773,TGTTCGCCAGGTAGGA
554,S6574-S6774,ACAAGGCATCGCGCAA
555,S6575-S6775,CAGGTAAGCTCGAAAT
556,S6576-S6776,AAGGAGACCTCACAAC
557,S6577-S6777,AGTCAGGTGTAACCAC
558,S6578-S6778,ACCGTAAGCATATCCA
559,S6579-S6779,TATGACGTCGCTAATC
560,S6580-S6780,TTGGGTACCTTCCAAC
561,S6581-S6781,ACCGGAGTAAGGAAGG
562,S6582-S6782,CTTGACGAGCACACAA
563,S6583-S6783,AGAAGCCTGTCAGTAT
564,S6584-S6784,CTAGGTTGATTCGAGC
565,S6585-S6785,TGTGTCAGCACCTGTA
566,S6586-S6786,AGAACCAGCCGACTCT
567,S6587-S6787,ATTGGACATTGCTGGA
568,S6588-S6788,ACCCGTTGCAGCTTCG
569,S6589-S6789,TTCAATAGTCCCACGA
570,S6590-S6790,GTTTGCTCACCAACAG
571,S6591-S6791,GCCACGACCCTCGGGT
572,S6592-S6792,TCTGGAACTAGCACCT
573,S6593-S6793,CACTAGACTGAGGACT
574,S6594-S6794,TTGCGTTATTCCCGAA
575,S6595-S6795,CCTATGCAGAGTCGAT
576,S6596-S6796,CAACCGAGTACCTGTG
508,S6528-S6728,CTCACAACAAGGAGAC
509,S6529-S6729,GTAACCACAGTCAGGT
510,S6530-S6730,CATATCCAACCGTAAG
511,S6531-S6731,CGCTAATCTATGACGT
512,S6532-S6732,CTTCCAACTTGGGTAC
543,S6563-S6763,CGCTCTTACATACCGT
544,S6564-S6764,CTGAGCTCATCAGAGC
