#barcodeName,T72_C_R8772_MGI_25_12
#misMatch1,0
#misMatch2,0
961,S95193-S97193,ACCTTCTCCTTCGTTC
962,S95194-S97194,TCGTGGATGTCTAGGT
963,S95195-S97195,GTTCATGGACGTCGTA
964,S95196-S97196,TAGGATGCGAGCTCAA
965,S95197-S97197,CATGGAACCGTGTACT
966,S95198-S97198,GCTTAGCTCACTGACA
967,S95199-S97199,CTAACTCGTCGTAGTC
968,S95200-S97200,ACCATGTGGCACGTAA
969,S95201-S97201,TCAGACGACAAGCAGT
970,S95202-S97202,TATCAGCGACATAGGC
971,S95203-S97203,AGCAGATGTGTGGTAC
972,S95204-S97204,AACGGTCACACCACTA
973,S95205-S97205,CGAACTGTCTGCGTAT
974,S95206-S97206,TCCGAGTTACGGTCTT
975,S95207-S97207,TTCTCTCGGATTGGAG
976,S95208-S97208,ATTCTGGCTGTCCAGA
977,S95209-S97209,ACTGCTAGCCAGTGTT
978,S95210-S97210,CATAACGGTGCACCAA
979,S95211-S97211,CAGTCTTCTTGACAGG
980,S95212-S97212,TGCCTCTTAGGCATAG
981,S95213-S97213,ACTGTGTCTAGCCGAA
982,S95214-S97214,GTATTGGCTTGTCGGT
983,S95215-S97215,CGATGCTTCATCTACG
984,S95216-S97216,AAGGCTGAGCATACAG
989,S95221-S97221,TCTGAGAGCAGCGATT
990,S95222-S97222,TTAGGTCGAGGTCACT
991,S95223-S97223,CTCTGGTTGCAATTCG
992,S95224-S97224,GCGTTCTAGCTTCTTG
993,S95225-S97225,TCACGTTCAACTGGTG
994,S95226-S97226,AGGATGGTCGGAATAC
995,S95227-S97227,GTGTTCCTGCTTCGAA
996,S95228-S97228,GTAGCATCCAAGGTCT
997,S95229-S97229,AGGATCTGAACCTTGG
998,S95230-S97230,GACAAGAGCCATACGT
999,S95231-S97231,TTACGGCTTGGTCCTT
1000,S95232-S97232,GCTGTTGTACCGCATA
1001,S95233-S97233,AACCGAAGCCTTCCTT
1002,S95234-S97234,TCTGCTCTTACACGCT
1003,S95235-S97235,CTCAGCTATGCGTAGA
1004,S95236-S97236,CTTCACCAAAGAGCCA
1005,S95237-S97237,GATCGTACATGGAAGG
1006,S95238-S97238,CTACAGTGGCCAGTAT
1007,S95239-S97239,TCGAGTGACGTAGGTT
1008,S95240-S97240,CAAGTGCACGAGTATG
1009,S95241-S97241,CGAGTATGCAAGTGCA
1010,S95242-S97242,CGTAGGTTTCGAGTGA
1011,S95243-S97243,GCCAGTATCTACAGTG
1012,S95244-S97244,ATGGAAGGGATCGTAC
1025,S95257-S97257,GCTTCTTGGCGTTCTA
1026,S95258-S97258,GCAATTCGCTCTGGTT
1027,S95259-S97259,AGGTCACTTTAGGTCG
1028,S95260-S97260,CAGCGATTTCTGAGAG
1029,S95261-S97261,AACCTCCTTTCAGCCT
1030,S95262-S97262,TCGACATCTCTCCGAT
1031,S95263-S97263,CTGGTTCTCAGGTATC
1032,S95264-S97264,ACAGCAACAGTCAGGA
1033,S95265-S97265,GCATACAGAAGGCTGA
1034,S95266-S97266,CATCTACGCGATGCTT
1035,S95267-S97267,TTGTCGGTGTATTGGC
1036,S95268-S97268,TAGCCGAAACTGTGTC
1041,S95273-S97273,TGTCCAGAATTCTGGC
1042,S95274-S97274,GATTGGAGTTCTCTCG
1043,S95275-S97275,ACGGTCTTTCCGAGTT
1044,S95276-S97276,CTGCGTATCGAACTGT
1045,S95277-S97277,CACCACTAAACGGTCA
1046,S95278-S97278,TGTGGTACAGCAGATG
1047,S95279-S97279,ACATAGGCTATCAGCG
1048,S95280-S97280,CAAGCAGTTCAGACGA
1049,S95281-S97281,GCACGTAAACCATGTG
1050,S95282-S97282,TCGTAGTCCTAACTCG
1051,S95283-S97283,CACTGACAGCTTAGCT
1052,S95284-S97284,CGTGTACTCATGGAAC
1053,S95285-S97285,GAGCTCAATAGGATGC
1054,S95286-S97286,ACGTCGTAGTTCATGG
1055,S95287-S97287,GTCTAGGTTCGTGGAT
1056,S95288-S97288,CTTCGTTCACCTTCTC
625,S7549-S7749,TGTCGTAGAAAGCTAA
626,S7550-S7750,CAATCATATGGAGATT
627,S7551-S7751,GTTCTTATAATTAGAC
628,S7552-S7752,GATGCGACACTTTGGG
629,S7553-S7753,GAAGAGGGCGGACGGA
630,S7554-S7754,TAGTAATCGCAGAGCC
631,S7555-S7755,GTGTGGAGGCATGATC
632,S7556-S7756,ACGTTGTATCGACCTA
909,S95141-S97141,CGTCAATGAGTGTTGG
910,S95142-S97142,TACCAGGAGTACTCTC
911,S95143-S97143,CGTACGAACCGTATCT
912,S95144-S97144,GACTTAGGCGAAGAAC
913,S95145-S97145,AGTGCAGTAGCGGAAT
914,S95146-S97146,TTGATCCGGTGAGCTT
915,S95147-S97147,TGCCATTCCGTGATCA
916,S95148-S97148,CTTGCTGTTCGCATTG
917,S95149-S97149,CCTACTGATGACGCAT
918,S95150-S97150,CCAAGTTGCCGATGTA
919,S95151-S97151,TGATCGGATTCGCAGT
920,S95152-S97152,TAGTTGCGACGACAGA
925,S95157-S97157,GCCATAACATTGCGTG
926,S95158-S97158,CTCAGAGTCTGAAGCT
927,S95159-S97159,CGAGACTATAACGAGG
928,S95160-S97160,TGTGCGTTTCGTCTCA
929,S95161-S97161,TTCAGGAGTTCCTGTG
930,S95162-S97162,GACTATGCCGTTGAGT
931,S95163-S97163,AGGTTCGAAGTCGCTT
932,S95164-S97164,AGTCTGTGTAGGTAGG
933,S95165-S97165,ACCTAAGGCAGGAGAT
934,S95166-S97166,TGCAGGTACATCGTGA
935,S95167-S97167,AAGGACACTGTTGTGG
936,S95168-S97168,CAACCTAGACAGACCT
937,S95169-S97169,CTGACACAGTCCTTCT
938,S95170-S97170,ACTCGTTGTGATACGC
939,S95171-S97171,AGCTCCTACTGTGTTG
940,S95172-S97172,TACATCGGAACGTGGA
941,S95173-S97173,CACAAGTCGTTGCGAT
942,S95174-S97174,CGGATTGAAACGACGT
943,S95175-S97175,AGTCGACACGTATTCG
944,S95176-S97176,GTCTCCTTAGCAAGCA
945,S95177-S97177,GAGATACGTGTTCGAG
946,S95178-S97178,ATCGGTGTCTCCATGT
947,S95179-S97179,TCTCGCAACGTCTTGT
948,S95180-S97180,TCTAACGCATAAGGCG
949,S95181-S97181,CAATCGACTGTCTGCT
950,S95182-S97182,GAGGACTTCGCTTAAC
951,S95183-S97183,TGGAGTTGGATCCATG
952,S95184-S97184,CTAGGCATACCTCTGT
953,S95185-S97185,CTCTACTCGCCACTTA
954,S95186-S97186,AGAAGCGTACCTGACT
955,S95187-S97187,TCGAAGGTGTTAAGGC
956,S95188-S97188,GTCGGTAAATGCCAAC
957,S95189-S97189,ACGATGACAGAGGTTG
958,S95190-S97190,TCCGTATGACCATCCA
959,S95191-S97191,CTAGGTGAGTGGATAG
960,S95192-S97192,CATTGCCTCTGAGATC
481,S6501-S6701,AAGCGACTCACTGTAG
482,S6502-S6702,TGATAGGCGTGCACGA
483,S6503-S6703,TCAGCGCCATGTTCCT
484,S6504-S6704,AGTCACATCATTATGG
485,S6505-S6705,CCTTTCACTCTTGTTT
486,S6506-S6706,CTTTCCCTGGCTTACT
487,S6507-S6707,GACAATTCACGATATG
488,S6508-S6708,ACACGACTATCCGCAG
489,S6509-S6709,ACGAATCCAAGCGACT
490,S6510-S6710,GTCTGAGTTGATAGGC
491,S6511-S6711,GGTGTGAGAACACCAC
492,S6512-S6712,CTTGCATAACCTCTTC
493,S6513-S6713,GCCAATCCGTCCGATC
494,S6514-S6714,ATGCCGGTGAGGACCA
495,S6515-S6715,CATACCGTCGCTCTTA
496,S6516-S6716,ATCAGAGCCTGAGCTC
497,S6517-S6717,ATTACCCAACGAATCC
498,S6518-S6718,GACTTGTGGTCTGAGT
499,S6519-S6719,ACGAGGAGCCTAAACT
500,S6520-S6720,TAATCTCGTGTCACAC
501,S6521-S6721,TACGGCAGGATATGAA
502,S6522-S6722,TGCCCATCAAGTGTGG
503,S6523-S6723,CAGCAGTCGTTGGCGT
504,S6524-S6724,TACCGGCTTAGCTGGC
505,S6525-S6725,CACTGTAGATTACCCA
510,S6530-S6730,CATATCCAACCGTAAG
511,S6531-S6731,CGCTAATCTATGACGT
512,S6532-S6732,CTTCCAACTTGGGTAC
513,S6533-S6733,TCCCACGATTCAATAG
514,S6534-S6734,ACCAACAGGTTTGCTC
516,S6536-S6736,ATTCGAGCCTAGGTTG
517,S6537-S6737,CACCTGTATGTGTCAG
522,S6542-S6742,GCACACAACTTGACGA
523,S6543-S6743,CCTCGGGTGCCACGAC
524,S6544-S6744,TAGCACCTTCTGGAAC
525,S6545-S6745,TGAGGACTCACTAGAC
526,S6546-S6746,TTCCCGAATTGCGTTA
528,S6548-S6748,TACCTGTGCAACCGAG
529,S6549-S6749,AGGTAGGATGTTCGCC
530,S6550-S6750,TCGCGCAAACAAGGCA
531,S6551-S6751,ATGTTCCTTCAGCGCC
532,S6552-S6752,CATTATGGAGTCACAT
665,S7589-S7789,TAGTCACATATACCTC
666,S7590-S7790,AGAAGTGGCTCTTGAT
667,S7591-S7791,CGTGGATTACTCTTAG
668,S7592-S7792,GTAGATGCGAGCAACA
669,S7593-S7793,TACCGCTCCAGTGACG
670,S7594-S7794,CGAACCACAAGATTGA
671,S7595-S7795,TATTGTTCGTGTGTTT
672,S7596-S7796,GTTGTGTGCGTCCGAC
577,S7501-S7701,AAAGCTAATGTCGTAG
578,S7502-S7702,TGGAGATTCAATCATA
579,S7503-S7703,AATTAGACGTTCTTAT
580,S7504-S7704,ACTTTGGGGATGCGAC
581,S7505-S7705,CGGACGGAGAAGAGGG
582,S7506-S7706,GCAGAGCCTAGTAATC
583,S7507-S7707,GCATGATCGTGTGGAG
584,S7508-S7708,TCGACCTAACGTTGTA
585,S7509-S7709,ACCCTGACGCGCTAAT
586,S7510-S7710,GTTGAAGGAGAGCTGC
587,S7511-S7711,GCACGGGACATACTTA
588,S7512-S7712,CGTATAAATTGCACCG
589,S7513-S7713,AGAGACGGGCGGGATA
590,S7514-S7714,TACAAGTCGAAGTGAA
591,S7515-S7715,TGAATCTTCTGTTTAC
592,S7516-S7716,GCAACTTGGAGCACTC
593,S7517-S7717,ACGACGTCTTGTTGCA
594,S7518-S7718,GTATGACGCCACACTT
595,S7519-S7719,TACAGCAACCCGTTTG
596,S7520-S7720,CAGCAGGGATGCTCCC
597,S7521-S7721,GATAAATGGCTCAATA
598,S7522-S7722,GCATCAAGGTAGTTCG
599,S7523-S7723,CGATACATCGAGAACC
600,S7524-S7724,AACCCTATGCCATGTA
601,S7525-S7725,ACGTCGAGTTTCTCTA
602,S7526-S7726,TGACTAGACCAGCGAT
603,S7527-S7727,TAGACGGGTGGGAGTG
604,S7528-S7728,CTCTTCTACCCTCGTA
605,S7529-S7729,TACGTCCCCGATATGG
606,S7530-S7730,GATGGAAATTGTGCCC
607,S7531-S7731,GTTCGTCGTGTCCTCT
608,S7532-S7732,GAGACCAAGTATAGTC
609,S7533-S7733,ACGTGAACTTTGGGAT
610,S7534-S7734,TTCCCTTTCACCAAGC
611,S7535-S7735,GACGCTCGCGGAGAGG
612,S7536-S7736,CTCACGTCTATTTACC
613,S7537-S7737,CTGCCAAGTATATGGA
614,S7538-S7738,ACGCCGCAGTTAACAT
615,S7539-S7739,CGCCAGTCCGTCTTGG
616,S7540-S7740,CTAAACAACGTAGCGA
617,S7541-S7741,TATACCTCTAGTCACA
618,S7542-S7742,CTCTTGATAGAAGTGG
619,S7543-S7743,ACTCTTAGCGTGGATT
620,S7544-S7744,GAGCAACAGTAGATGC
621,S7545-S7745,CAGTGACGTACCGCTC
622,S7546-S7746,AAGATTGACGAACCAC
643,S7567-S7767,CCCGTTTGTACAGCAA
644,S7568-S7768,ATGCTCCCCAGCAGGG
645,S7569-S7769,GCTCAATAGATAAATG
646,S7570-S7770,GTAGTTCGGCATCAAG
647,S7571-S7771,CGAGAACCCGATACAT
648,S7572-S7772,GCCATGTAAACCCTAT
650,S7574-S7774,CCAGCGATTGACTAGA
651,S7575-S7775,TGGGAGTGTAGACGGG
652,S7576-S7776,CCCTCGTACTCTTCTA
653,S7577-S7777,CGATATGGTACGTCCC
654,S7578-S7778,TTGTGCCCGATGGAAA
655,S7579-S7779,TGTCCTCTGTTCGTCG
656,S7580-S7780,GTATAGTCGAGACCAA
657,S7581-S7781,TTTGGGATACGTGAAC
658,S7582-S7782,CACCAAGCTTCCCTTT
659,S7583-S7783,CGGAGAGGGACGCTCG
660,S7584-S7784,TATTTACCCTCACGTC
661,S7585-S7785,TATATGGACTGCCAAG
662,S7586-S7786,GTTAACATACGCCGCA
663,S7587-S7787,CGTCTTGGCGCCAGTC
1141,S95373-S97373,ATGGCGAACGATAGAG
1142,S95374-S97374,TCCTACCTTGGAGAGT
1144,S95376-S97376,CTACTTGGCTGGAGTA
777,S95009-S97009,AGAACGAGCGGCTAAT
778,S95010-S97010,TGCTTCCAATCGATCG
779,S95011-S97011,CTTCGACTGCAAGATC
780,S95012-S97012,CACCTGTTGCTATCCT
781,S95013-S97013,ATCACACGTACGCTAC
782,S95014-S97014,CCGTAAGATGGACTCT
783,S95015-S97015,TACGCCTTAGAGTAGC
784,S95016-S97016,CGACGTTAATCCAGAG
809,S95041-S97041,GAAGTTGGGTTGTTCG
810,S95042-S97042,CATACCACCGGTTGTT
811,S95043-S97043,CTGTTGACACTGAGGT
812,S95044-S97044,TGGCATGTTGAAGACG
813,S95045-S97045,ATCGCCATGTTACGCA
814,S95046-S97046,TTGCGAAGAGCGTGTT
815,S95047-S97047,AGTTCGTCGATCGAGT
816,S95048-S97048,GAGCAGTAACAGCTCA
833,S95065-S97065,CGTTGCAACGCTCTAT
834,S95066-S97066,ATCCGGTATATCGGTC
835,S95067-S97067,GCGTCATTAACGTCTG
836,S95068-S97068,GCACAACTACGTTCAG
837,S95069-S97069,GATTACCGCAGTCCAA
838,S95070-S97070,ACCACGATTTGCAGAC
839,S95071-S97071,GTCGAAGACAATGTGG
840,S95072-S97072,CCTTGATCACTCCATC
849,S95081-S97081,ATCCAGAGCGACGTTA
850,S95082-S97082,AGAGTAGCTACGCCTT
851,S95083-S97083,TGGACTCTCCGTAAGA
852,S95084-S97084,TACGCTACATCACACG
853,S95085-S97085,GCTATCCTCACCTGTT
854,S95086-S97086,GCAAGATCCTTCGACT
855,S95087-S97087,ATCGATCGTGCTTCCA
856,S95088-S97088,CGGCTAATAGAACGAG
857,S95089-S97089,ACGGAACAGTTCTCGT
858,S95090-S97090,CGCATGATTCAGGCTT
859,S95091-S97091,TTCCAAGGCCTTGTAG
860,S95092-S97092,CTTGTCGAGAACATCG
861,S95093-S97093,GAGACGATTAACCGGT
862,S95094-S97094,TGAGCTAGAACCGTTC
863,S95095-S97095,ACTCTCGATGGTACAG
864,S95096-S97096,CTGATCGTATATGCGC
769,S95001-S97001,ATATGCGCCTGATCGT
770,S95002-S97002,TGGTACAGACTCTCGA
771,S95003-S97003,AACCGTTCTGAGCTAG
772,S95004-S97004,TAACCGGTGAGACGAT
773,S95005-S97005,GAACATCGCTTGTCGA
774,S95006-S97006,CCTTGTAGTTCCAAGG
775,S95007-S97007,TCAGGCTTCGCATGAT
776,S95008-S97008,GTTCTCGTACGGAACA
740,S8568-S8768,TCCGATGGTCGCTCGG
741,S8569-S8769,GACAACGGAGTGCGGA
682,S8510-S8710,GCCGAATCGAGGACAG
683,S8511-S8711,ACTATGATCTATCGAA
684,S8512-S8712,CCCTATCTTCACTAAC
685,S8513-S8713,CGTTGTCCTCGATAAG
686,S8514-S8714,TGGAACGGCTTTATTC
687,S8515-S8715,CCCTTCGGCTGCCTTC
688,S8516-S8716,TGTCCAAAACAACCAA
689,S8517-S8717,AGTACAAGGCAATGGG
690,S8518-S8718,TACTGTGACTGGACAC
691,S8519-S8719,CCGGAATTAAGTATGC
742,S8570-S8770,TAGCTTTAGCTTCACA
743,S8571-S8771,AAACAGTCCCGATCGT
744,S8572-S8772,ACCTCACTCCGTAAGC
754,S8582-S8782,GTGAGCTACCAATGAA
755,S8583-S8783,AACGCGGGATCAGTTG
758,S8586-S8786,AGTAAACAGCTTAAGT
722,S8550-S8750,TTAAGCAGTCCTGGAC
449,S5565-S5765,TCGGATTCCGCAACTA
450,S5566-S5766,CTGTACCACACAGACT
451,S5567-S5767,GAGAGTACTGGAAGCA
452,S5568-S5768,TCTACGCACAATAGCC
453,S5569-S5769,GCAATTCCCTCGAACA
454,S5570-S5770,CTCAGAAGGGCAAGTT
455,S5571-S5771,GTCCTAAGAGCTACCA
456,S5572-S5772,GCGTTAGACAGCATAC
457,S5573-S5773,CAAGGTACCGTATCTC
458,S5574-S5774,AGACCTTGTTACGTGC
459,S5575-S5775,GTCGTTACAGCTAAGC
460,S5576-S5776,GTAACCGAAAGACACC
461,S5577-S5777,GAATCCGTCAACTCCA
462,S5578-S5778,CATGAGCAGATCTTGC
463,S5579-S5779,CTTAGGACCTTCACTG
464,S5580-S5780,ATCTGACCCTCGACTT
828,S95060-S97060,TGTGACTGGATAGGCT
827,S95059-S97059,GTCATCGAAGTGGATC
826,S95058-S97058,AGCACTTCTTGGACGT
825,S95057-S97057,GAAGGAAGATGACGTC
805,S95037-S97037,GATAGGCTTGTGACTG
806,S95038-S97038,AGTGGATCGTCATCGA
807,S95039-S97039,TTGGACGTAGCACTTC
808,S95040-S97040,ATGACGTCGAAGGAAG
