#barcodeName,T71_B_R8939_MGI_09_01
#misMatch1,0
#misMatch2,0
989,S95221-S97221,TCTGAGAGCAGCGATT
990,S95222-S97222,TTAGGTCGAGGTCACT
1095,S95327-S97327,GAGTGGTTCGTTATGC
1096,S95328-S97328,AGCTTGAGGTCTGATC
1033,S95265-S97265,GCATACAGAAGGCTGA
1034,S95266-S97266,CATCTACGCGATGCTT
1035,S95267-S97267,TTGTCGGTGTATTGGC
1036,S95268-S97268,TAGCCGAAACTGTGTC
865,S95097-S97097,CGACCATTGCCTATCA
866,S95098-S97098,GATAGCGACTTGGATG
867,S95099-S97099,AATGGACGAGTCTCAC
868,S95100-S97100,CGCTAGTACTCATCAG
869,S95101-S97101,TCTCTAGGTGTACCGT
870,S95102-S97102,ACATTGCGAAGTCGAG
872,S95104-S97104,AATGCCTCTCACAGCA
871,S95103-S97103,TGAGGTGTCACGTTGT
769,S95001-S97001,ATATGCGCCTGATCGT
770,S95002-S97002,TGGTACAGACTCTCGA
771,S95003-S97003,AACCGTTCTGAGCTAG
772,S95004-S97004,TAACCGGTGAGACGAT
773,S95005-S97005,GAACATCGCTTGTCGA
774,S95006-S97006,CCTTGTAGTTCCAAGG
775,S95007-S97007,TCAGGCTTCGCATGAT
776,S95008-S97008,GTTCTCGTACGGAACA
777,S95009-S97009,AGAACGAGCGGCTAAT
778,S95010-S97010,TGCTTCCAATCGATCG
779,S95011-S97011,CTTCGACTGCAAGATC
780,S95012-S97012,CACCTGTTGCTATCCT
781,S95013-S97013,ATCACACGTACGCTAC
782,S95014-S97014,CCGTAAGATGGACTCT
783,S95015-S97015,TACGCCTTAGAGTAGC
784,S95016-S97016,CGACGTTAATCCAGAG
785,S95017-S97017,ATGCACGAGACGATCT
786,S95018-S97018,CCTGATTGAACTGAGC
787,S95019-S97019,GTAGGAGTCTTAGGAC
788,S95020-S97020,ACTAGGAGGTGCCATA
790,S95022-S97022,ACGACTTGTCGCTGTT
791,S95023-S97023,CGTGTGTATTCGTTGG
792,S95024-S97024,GTTGACCTAAGCACTG
793,S95025-S97025,ACTCCATCCCTTGATC
794,S95026-S97026,CAATGTGGGTCGAAGA
795,S95027-S97027,TTGCAGACACCACGAT
796,S95028-S97028,CAGTCCAAGATTACCG
797,S95029-S97029,ACGTTCAGGCACAACT
798,S95030-S97030,AACGTCTGGCGTCATT
799,S95031-S97031,TATCGGTCATCCGGTA
800,S95032-S97032,CGCTCTATCGTTGCAA
801,S95033-S97033,GATTGCTCGTGAAGTG
802,S95034-S97034,GATGTGTGCATGGCTA
803,S95035-S97035,CGCAATCTATGCCTGT
804,S95036-S97036,TGGTAGCTCAACACCT
805,S95037-S97037,GATAGGCTTGTGACTG
806,S95038-S97038,AGTGGATCGTCATCGA
807,S95039-S97039,TTGGACGTAGCACTTC
808,S95040-S97040,ATGACGTCGAAGGAAG
809,S95041-S97041,GAAGTTGGGTTGTTCG
810,S95042-S97042,CATACCACCGGTTGTT
811,S95043-S97043,CTGTTGACACTGAGGT
812,S95044-S97044,TGGCATGTTGAAGACG
813,S95045-S97045,ATCGCCATGTTACGCA
814,S95046-S97046,TTGCGAAGAGCGTGTT
815,S95047-S97047,AGTTCGTCGATCGAGT
816,S95048-S97048,GAGCAGTAACAGCTCA
817,S95049-S97049,ACAGCTCAGAGCAGTA
819,S95051-S97051,AGCGTGTTTTGCGAAG
820,S95052-S97052,GTTACGCAATCGCCAT
821,S95053-S97053,TGAAGACGTGGCATGT
822,S95054-S97054,ACTGAGGTCTGTTGAC
823,S95055-S97055,CGGTTGTTCATACCAC
824,S95056-S97056,GTTGTTCGGAAGTTGG
825,S95057-S97057,GAAGGAAGATGACGTC
826,S95058-S97058,AGCACTTCTTGGACGT
827,S95059-S97059,GTCATCGAAGTGGATC
828,S95060-S97060,TGTGACTGGATAGGCT
829,S95061-S97061,CAACACCTTGGTAGCT
830,S95062-S97062,ATGCCTGTCGCAATCT
831,S95063-S97063,CATGGCTAGATGTGTG
832,S95064-S97064,GTGAAGTGGATTGCTC
833,S95065-S97065,CGTTGCAACGCTCTAT
834,S95066-S97066,ATCCGGTATATCGGTC
835,S95067-S97067,GCGTCATTAACGTCTG
836,S95068-S97068,GCACAACTACGTTCAG
837,S95069-S97069,GATTACCGCAGTCCAA
838,S95070-S97070,ACCACGATTTGCAGAC
839,S95071-S97071,GTCGAAGACAATGTGG
840,S95072-S97072,CCTTGATCACTCCATC
841,S95073-S97073,AAGCACTGGTTGACCT
842,S95074-S97074,TTCGTTGGCGTGTGTA
843,S95075-S97075,TCGCTGTTACGACTTG
844,S95076-S97076,GAATCCGACACTAGCT
845,S95077-S97077,GTGCCATAACTAGGAG
846,S95078-S97078,CTTAGGACGTAGGAGT
847,S95079-S97079,AACTGAGCCCTGATTG
848,S95080-S97080,GACGATCTATGCACGA
849,S95081-S97081,ATCCAGAGCGACGTTA
850,S95082-S97082,AGAGTAGCTACGCCTT
851,S95083-S97083,TGGACTCTCCGTAAGA
852,S95084-S97084,TACGCTACATCACACG
853,S95085-S97085,GCTATCCTCACCTGTT
854,S95086-S97086,GCAAGATCCTTCGACT
855,S95087-S97087,ATCGATCGTGCTTCCA
856,S95088-S97088,CGGCTAATAGAACGAG
857,S95089-S97089,ACGGAACAGTTCTCGT
858,S95090-S97090,CGCATGATTCAGGCTT
859,S95091-S97091,TTCCAAGGCCTTGTAG
860,S95092-S97092,CTTGTCGAGAACATCG
861,S95093-S97093,GAGACGATTAACCGGT
862,S95094-S97094,TGAGCTAGAACCGTTC
863,S95095-S97095,ACTCTCGATGGTACAG
864,S95096-S97096,CTGATCGTATATGCGC
481,S6501-S6701,AAGCGACTCACTGTAG
482,S6502-S6702,TGATAGGCGTGCACGA
483,S6503-S6703,TCAGCGCCATGTTCCT
484,S6504-S6704,AGTCACATCATTATGG
485,S6505-S6705,CCTTTCACTCTTGTTT
486,S6506-S6706,CTTTCCCTGGCTTACT
487,S6507-S6707,GACAATTCACGATATG
488,S6508-S6708,ACACGACTATCCGCAG
489,S6509-S6709,ACGAATCCAAGCGACT
490,S6510-S6710,GTCTGAGTTGATAGGC
491,S6511-S6711,GGTGTGAGAACACCAC
492,S6512-S6712,CTTGCATAACCTCTTC
493,S6513-S6713,GCCAATCCGTCCGATC
494,S6514-S6714,ATGCCGGTGAGGACCA
495,S6515-S6715,CATACCGTCGCTCTTA
496,S6516-S6716,ATCAGAGCCTGAGCTC
497,S6517-S6717,ATTACCCAACGAATCC
498,S6518-S6718,GACTTGTGGTCTGAGT
499,S6519-S6719,ACGAGGAGCCTAAACT
500,S6520-S6720,TAATCTCGTGTCACAC
501,S6521-S6721,TACGGCAGGATATGAA
502,S6522-S6722,TGCCCATCAAGTGTGG
503,S6523-S6723,CAGCAGTCGTTGGCGT
504,S6524-S6724,TACCGGCTTAGCTGGC
505,S6525-S6725,CACTGTAGATTACCCA
506,S6526-S6726,GTGCACGAGACTTGTG
507,S6527-S6727,CTCGAAATCAGGTAAG
513,S6533-S6733,TCCCACGATTCAATAG
514,S6534-S6734,ACCAACAGGTTTGCTC
515,S6535-S6735,GTCAGTATAGAAGCCT
516,S6536-S6736,ATTCGAGCCTAGGTTG
517,S6537-S6737,CACCTGTATGTGTCAG
518,S6538-S6738,CCGACTCTAGAACCAG
519,S6539-S6739,TTGCTGGAATTGGACA
520,S6540-S6740,CAGCTTCGACCCGTTG
545,S6565-S6765,CCTGTCAAATGGCTGT
546,S6566-S6766,CCATCCGCAAGGCGTA
547,S6567-S6767,CCTAAACTACGAGGAG
735,S8563-S8763,CTGCCTTCCCCTTCGG
685,S8513-S8713,CGTTGTCCTCGATAAG
733,S8561-S8761,TCGATAAGCGTTGTCC
734,S8562-S8762,CTTTATTCTGGAACGG
686,S8514-S8714,TGGAACGGCTTTATTC
687,S8515-S8715,CCCTTCGGCTGCCTTC
688,S8516-S8716,TGTCCAAAACAACCAA
721,S8549-S8749,ACTTCTGCAGTCCCGG
722,S8550-S8750,TTAAGCAGTCCTGGAC
723,S8551-S8751,ATCAAATCCTACATGA
724,S8552-S8752,TTTGAGTCCCGGATAG
725,S8553-S8753,AAATCCTCAACCCGCC
726,S8554-S8754,TACAGATGCGAACGTG
727,S8555-S8755,TAAGCGCACCGTAGAA
736,S8564-S8764,ACAACCAATGTCCAAA
694,S8522-S8722,GCTTCACATAGCTTTA
695,S8523-S8723,CCGATCGTAAACAGTC
696,S8524-S8724,CCGTAAGCACCTCACT
737,S8565-S8765,GCAATGGGAGTACAAG
738,S8566-S8766,CTGGACACTACTGTGA
739,S8567-S8767,AAGTATGCCCGGAATT
740,S8568-S8768,TCCGATGGTCGCTCGG
741,S8569-S8769,GACAACGGAGTGCGGA
742,S8570-S8770,TAGCTTTAGCTTCACA
743,S8571-S8771,AAACAGTCCCGATCGT
744,S8572-S8772,ACCTCACTCCGTAAGC
745,S8573-S8773,GACATTAAAGTTGGAT
746,S8574-S8774,ATGTACGTTAACACGC
747,S8575-S8775,ATGACAAAAGACTCAC
748,S8576-S8776,CCACCTACCAGAGTGT
749,S8577-S8777,TGCTGTTGACATTACG
750,S8578-S8778,CATTTCAGATTACTAC
751,S8579-S8779,CGTCCCTATGGACCCT
752,S8580-S8780,TACGATTACGCTTGCA
761,S8589-S8789,AGTAGTAATATCAGTA
762,S8590-S8790,TACTAAGGCGAGTCAG
763,S8591-S8791,CATTCGGATTTCCATC
764,S8592-S8792,AATCGTCACTTTAACT
765,S8593-S8793,GCTGATTTGCCTCTAT
766,S8594-S8794,CGCGAAAGCCTCCTTT
729,S8557-S8757,AGCCTGGAAGTCTGCT
768,S8596-S8796,TTCGTGGATACCTTGT
730,S8558-S8758,GAGGACAGGCCGAATC
731,S8559-S8759,CTATCGAAACTATGAT
732,S8560-S8760,TCACTAACCCCTATCT
679,S8507-S8707,CCGTAGAATAAGCGCA
1136,S95368-S97368,TGACTGACCAGTTCTG
1144,S95376-S97376,CTACTTGGCTGGAGTA
385,S5501-S5701,CGAATACGTTACCGAC
386,S5502-S5702,GTCCTTGATCGTCTGA
387,S5503-S5703,CAGTGCTTTTCCAGGT
388,S5504-S5704,TCCATTGCTACGGTCT
389,S5505-S5705,GTCGATTGAAGACCGT
390,S5506-S5706,ATAACGCCCAGGTTCA
391,S5507-S5707,GCCTTAACTAGGAGCT
392,S5508-S5708,GGTATAGGTACTCCAG
393,S5509-S5709,TCTAGGAGAGTGACCT
394,S5510-S5710,TGCGTAACAGCCTATC
395,S5511-S5711,CTTGCTAGTCATCTCC
396,S5512-S5712,AGCGAGATCCAGTATC
399,S5515-S5715,GTAAGGTGCGAATTGC
400,S5516-S5716,CGAGAGAAGGAAGAGA
637,S7561-S7761,GCGGGATAAGAGACGG
638,S7562-S7762,GAAGTGAATACAAGTC
639,S7563-S7763,CTGTTTACTGAATCTT
640,S7564-S7764,GAGCACTCGCAACTTG
641,S7565-S7765,TTGTTGCAACGACGTC
642,S7566-S7766,CCACACTTGTATGACG
643,S7567-S7767,CCCGTTTGTACAGCAA
644,S7568-S7768,ATGCTCCCCAGCAGGG
645,S7569-S7769,GCTCAATAGATAAATG
646,S7570-S7770,GTAGTTCGGCATCAAG
647,S7571-S7771,CGAGAACCCGATACAT
648,S7572-S7772,GCCATGTAAACCCTAT
649,S7573-S7773,TTTCTCTAACGTCGAG
650,S7574-S7774,CCAGCGATTGACTAGA
651,S7575-S7775,TGGGAGTGTAGACGGG
652,S7576-S7776,CCCTCGTACTCTTCTA
609,S7533-S7733,ACGTGAACTTTGGGAT
610,S7534-S7734,TTCCCTTTCACCAAGC
611,S7535-S7735,GACGCTCGCGGAGAGG
631,S7555-S7755,GTGTGGAGGCATGATC
632,S7556-S7756,ACGTTGTATCGACCTA
614,S7538-S7738,ACGCCGCAGTTAACAT
615,S7539-S7739,CGCCAGTCCGTCTTGG
616,S7540-S7740,CTAAACAACGTAGCGA
617,S7541-S7741,TATACCTCTAGTCACA
618,S7542-S7742,CTCTTGATAGAAGTGG
619,S7543-S7743,ACTCTTAGCGTGGATT
620,S7544-S7744,GAGCAACAGTAGATGC
621,S7545-S7745,CAGTGACGTACCGCTC
653,S7577-S7777,CGATATGGTACGTCCC
654,S7578-S7778,TTGTGCCCGATGGAAA
655,S7579-S7779,TGTCCTCTGTTCGTCG
