#barcodeName,T72_C_R8936_MGI_09_01
#misMatch1,0
#misMatch2,0
S7501-S7701,AAAGCTAATGTCGTAG
S7502-S7702,TGGAGATTCAATCATA
S7504-S7704,ACTTTGGGGATGCGAC
S7505-S7705,CGGACGGAGAAGAGGG
S7506-S7706,GCAGAGCCTAGTAATC
S7507-S7707,GCATGATCGTGTGGAG
S7508-S7708,TCGACCTAACGTTGTA
S7509-S7709,ACCCTGACGCGCTAAT
S7510-S7710,GTTGAAGGAGAGCTGC
S7511-S7711,GCACGGGACATACTTA
S7512-S7712,CGTATAAATTGCACCG
S7513-S7713,AGAGACGGGCGGGATA
S7514-S7714,TACAAGTCGAAGTGAA
S7515-S7715,TGAATCTTCTGTTTAC
S7516-S7716,GCAACTTGGAGCACTC
S7517-S7717,ACGACGTCTTGTTGCA
S7518-S7718,GTATGACGCCACACTT
S7519-S7719,TACAGCAACCCGTTTG
S7520-S7720,CAGCAGGGATGCTCCC
S7521-S7721,GATAAATGGCTCAATA
S7522-S7722,GCATCAAGGTAGTTCG
S7523-S7723,CGATACATCGAGAACC
S7524-S7724,AACCCTATGCCATGTA
S7525-S7725,ACGTCGAGTTTCTCTA
S7526-S7726,TGACTAGACCAGCGAT
S7527-S7727,TAGACGGGTGGGAGTG
S7528-S7728,CTCTTCTACCCTCGTA
S7529-S7729,TACGTCCCCGATATGG
S7530-S7730,GATGGAAATTGTGCCC
S7531-S7731,GTTCGTCGTGTCCTCT
S7532-S7732,GAGACCAAGTATAGTC
S7533-S7733,ACGTGAACTTTGGGAT
S7534-S7734,TTCCCTTTCACCAAGC
S7535-S7735,GACGCTCGCGGAGAGG
S7536-S7736,CTCACGTCTATTTACC
S7537-S7737,CTGCCAAGTATATGGA
S7538-S7738,ACGCCGCAGTTAACAT
S7539-S7739,CGCCAGTCCGTCTTGG
S7540-S7740,CTAAACAACGTAGCGA
S7541-S7741,TATACCTCTAGTCACA
S7542-S7742,CTCTTGATAGAAGTGG
S7543-S7743,ACTCTTAGCGTGGATT
S7544-S7744,GAGCAACAGTAGATGC
S7545-S7745,CAGTGACGTACCGCTC
S7546-S7746,AAGATTGACGAACCAC
S7547-S7747,GTGTGTTTTATTGTTC
S7548-S7748,CGTCCGACGTTGTGTG
S7550-S7750,CAATCATATGGAGATT
S7551-S7751,GTTCTTATAATTAGAC
S7552-S7752,GATGCGACACTTTGGG
S7553-S7753,GAAGAGGGCGGACGGA
S7554-S7754,TAGTAATCGCAGAGCC
S7555-S7755,GTGTGGAGGCATGATC
S7556-S7756,ACGTTGTATCGACCTA
S7557-S7757,GCGCTAATACCCTGAC
S7558-S7758,AGAGCTGCGTTGAAGG
S7559-S7759,CATACTTAGCACGGGA
S7560-S7760,TTGCACCGCGTATAAA
S7561-S7761,GCGGGATAAGAGACGG
S7562-S7762,GAAGTGAATACAAGTC
S7563-S7763,CTGTTTACTGAATCTT
S7564-S7764,GAGCACTCGCAACTTG
S7565-S7765,TTGTTGCAACGACGTC
S7566-S7766,CCACACTTGTATGACG
S7567-S7767,CCCGTTTGTACAGCAA
S7568-S7768,ATGCTCCCCAGCAGGG
S7569-S7769,GCTCAATAGATAAATG
S7570-S7770,GTAGTTCGGCATCAAG
S7571-S7771,CGAGAACCCGATACAT
S7572-S7772,GCCATGTAAACCCTAT
S7573-S7773,TTTCTCTAACGTCGAG
S7574-S7774,CCAGCGATTGACTAGA
S7575-S7775,TGGGAGTGTAGACGGG
S7576-S7776,CCCTCGTACTCTTCTA
S7577-S7777,CGATATGGTACGTCCC
S7578-S7778,TTGTGCCCGATGGAAA
S7579-S7779,TGTCCTCTGTTCGTCG
S7580-S7780,GTATAGTCGAGACCAA
S7581-S7781,TTTGGGATACGTGAAC
S7582-S7782,CACCAAGCTTCCCTTT
S7583-S7783,CGGAGAGGGACGCTCG
S7584-S7784,TATTTACCCTCACGTC
S7585-S7785,TATATGGACTGCCAAG
S7586-S7786,GTTAACATACGCCGCA
S7587-S7787,CGTCTTGGCGCCAGTC
S7588-S7788,CGTAGCGACTAAACAA
S7589-S7789,TAGTCACATATACCTC
S7590-S7790,AGAAGTGGCTCTTGAT
S7591-S7791,CGTGGATTACTCTTAG
S7592-S7792,GTAGATGCGAGCAACA
S7593-S7793,TACCGCTCCAGTGACG
S7594-S7794,CGAACCACAAGATTGA
S7595-S7795,TATTGTTCGTGTGTTT
S7596-S7796,GTTGTGTGCGTCCGAC
S95145-S97145,AGTGCAGTAGCGGAAT
S95146-S97146,TTGATCCGGTGAGCTT
S95147-S97147,TGCCATTCCGTGATCA
S95129-S97129,GCTGGATTCAGGTTAG
S95130-S97130,ATGGTTGCAGTTGGCT
S95131-S97131,CAGAATCGTCAACTGG
S95132-S97132,GAACGCTTCTGCACTT
S95133-S97133,TCGAACCAACACGGTT
S95134-S97134,CTATCGCAAATACGCG
S95135-S97135,TACGGTTGTGCGAACT
S95136-S97136,GAGATGTCGCTGACTA
S95137-S97137,CTTACAGCGTGGTGTT
S95138-S97138,AGGAGGAAGTGCTTAC
S95139-S97139,GACGAATGTCAAGGAC
S95140-S97140,GAAGAGGTTGAACCTG
S95141-S97141,CGTCAATGAGTGTTGG
S95142-S97142,TACCAGGAGTACTCTC
S95143-S97143,CGTACGAACCGTATCT
S95144-S97144,GACTTAGGCGAAGAAC
S95151-S97151,TGATCGGATTCGCAGT
S95152-S97152,TAGTTGCGACGACAGA
S95272-S97272,CCAGTGTTACTGCTAG
S95097-S97097,CGACCATTGCCTATCA
S95098-S97098,GATAGCGACTTGGATG
S95099-S97099,AATGGACGAGTCTCAC
S95100-S97100,CGCTAGTACTCATCAG
S95101-S97101,TCTCTAGGTGTACCGT
S95102-S97102,ACATTGCGAAGTCGAG
S95103-S97103,TGAGGTGTCACGTTGT
S95104-S97104,AATGCCTCTCACAGCA
S95109-S97109,CTCATTGCCTTACCTG
S95110-S97110,ACCAGCTTCTCGATAC
S95111-S97111,GAATCGTGTCCGTGAA
S95112-S97112,AGGCTTCTTAGAGCTC
S95117-S97117,TAAGTGGCCAACGGAT
S95118-S97118,ACGTGATGTGGCTATC
S95119-S97119,GTAGAGCACGGTCATA
S95120-S97120,GTCAGTTGTCCAATCG
S95121-S97121,ATTCGAGGGAGCTTGT
S95122-S97122,GATACTGGGAAGGTTC
S95123-S97123,GCCTTGTTATCTCGCT
S95124-S97124,TTGGTCTCAGTTACGG
S95125-S97125,CCGACTATGTGTCTGA
S95126-S97126,GTCCTAAGTGACTTCG
S95127-S97127,ACCAATGCTGGATCAC
S95128-S97128,GATGCACTACACCAGT
S5501-S5701,CGAATACGTTACCGAC
S5502-S5702,GTCCTTGATCGTCTGA
S5503-S5703,CAGTGCTTTTCCAGGT
S5504-S5704,TCCATTGCTACGGTCT
S5505-S5705,GTCGATTGAAGACCGT
S5506-S5706,ATAACGCCCAGGTTCA
S5507-S5707,GCCTTAACTAGGAGCT
S5508-S5708,GGTATAGGTACTCCAG
S5509-S5709,TCTAGGAGAGTGACCT
S5510-S5710,TGCGTAACAGCCTATC
S5511-S5711,CTTGCTAGTCATCTCC
S5512-S5712,AGCGAGATCCAGTATC
S6505-S6705,CCTTTCACTCTTGTTT
S6506-S6706,CTTTCCCTGGCTTACT
S6507-S6707,GACAATTCACGATATG
S6508-S6708,ACACGACTATCCGCAG
S6509-S6709,ACGAATCCAAGCGACT
S6510-S6710,GTCTGAGTTGATAGGC
S6511-S6711,GGTGTGAGAACACCAC
S6512-S6712,CTTGCATAACCTCTTC
S6513-S6713,GCCAATCCGTCCGATC
S6514-S6714,ATGCCGGTGAGGACCA
S6515-S6715,CATACCGTCGCTCTTA
S6516-S6716,ATCAGAGCCTGAGCTC
S6517-S6717,ATTACCCAACGAATCC
S6518-S6718,GACTTGTGGTCTGAGT
S6519-S6719,ACGAGGAGCCTAAACT
S6520-S6720,TAATCTCGTGTCACAC
S6521-S6721,TACGGCAGGATATGAA
S6522-S6722,TGCCCATCAAGTGTGG
S6523-S6723,CAGCAGTCGTTGGCGT
S6524-S6724,TACCGGCTTAGCTGGC
S6525-S6725,CACTGTAGATTACCCA
S6526-S6726,GTGCACGAGACTTGTG
S6527-S6727,CTCGAAATCAGGTAAG
S6528-S6728,CTCACAACAAGGAGAC
S6529-S6729,GTAACCACAGTCAGGT
S6530-S6730,CATATCCAACCGTAAG
S6531-S6731,CGCTAATCTATGACGT
S6532-S6732,CTTCCAACTTGGGTAC
S6533-S6733,TCCCACGATTCAATAG
S6534-S6734,ACCAACAGGTTTGCTC
S6535-S6735,GTCAGTATAGAAGCCT
S6536-S6736,ATTCGAGCCTAGGTTG
S6537-S6737,CACCTGTATGTGTCAG
S6538-S6738,CCGACTCTAGAACCAG
S6539-S6739,TTGCTGGAATTGGACA
S6540-S6740,CAGCTTCGACCCGTTG
S95373-S97373,ATGGCGAACGATAGAG
S95374-S97374,TCCTACCTTGGAGAGT
S95376-S97376,CTACTTGGCTGGAGTA
S8505-S8705,AACCCGCCAAATCCTC
S8506-S8706,CGAACGTGTACAGATG
